Tour,Faim0,Pensee0,Faim1,Pensee1,Faim2,Pensee2,Faim3,Pensee3,Faim4,Pensee4,Faim5,Pensee5,Faim6,Pensee6,Faim7,Pensee7,
0,-5,1,-5,1,-5,1,-5,1,-5,1,-5,1,-5,1,-5,1,
1,0,2,0,2,0,2,0,2,0,2,0,2,0,2,0,2,
2,5,3,5,3,5,3,5,3,5,3,5,3,5,3,5,3,
3,10,4,10,4,10,4,10,4,10,4,10,4,10,4,10,4,
4,10,4,10,4,10,4,10,4,10,4,10,4,10,4,10,4,
5,10,4,11,4,10,4,11,4,10,4,11,4,10,4,11,4,
6,8,4,12,4,8,4,12,4,8,4,12,4,8,4,12,4,
7,6,4,13,4,6,4,13,4,6,4,13,4,6,4,13,4,
8,4,4,14,4,4,4,14,4,4,4,14,4,4,4,14,4,
9,2,4,15,4,2,4,15,4,2,4,15,4,2,4,15,4,
10,0,4,16,4,0,4,16,4,0,4,16,4,0,4,16,4,
11,0,4,17,4,0,4,17,4,0,4,17,4,0,4,16,4,
12,5,5,17,4,5,5,17,4,5,5,17,4,5,5,14,4,
13,10,6,15,4,10,6,15,4,10,6,15,4,10,6,12,4,
14,10,6,13,4,10,6,13,4,10,6,13,4,10,6,10,4,
15,11,6,11,4,11,6,11,4,11,6,11,4,11,6,8,4,
16,12,6,9,4,12,6,9,4,12,6,9,4,12,6,6,4,
17,13,6,7,4,13,6,7,4,13,6,7,4,13,6,4,4,
18,14,6,5,4,14,6,5,4,14,6,5,4,14,6,2,4,
19,15,6,3,4,15,6,3,4,15,6,3,4,15,6,0,4,
20,16,6,1,4,16,6,1,4,16,6,1,4,16,6,0,4,
21,17,6,-1,4,17,6,-1,4,17,6,-1,4,17,6,5,5,
22,18,6,-1,4,18,6,-1,4,18,6,-1,4,17,6,10,6,
23,18,6,4,5,18,6,4,5,18,6,4,5,15,6,10,6,
24,16,6,9,6,16,6,9,6,16,6,9,6,13,6,11,6,
25,14,6,14,7,14,6,14,7,14,6,14,7,11,6,12,6,
26,12,6,14,7,12,6,14,7,12,6,14,7,9,6,13,6,
27,10,6,15,7,10,6,15,7,10,6,15,7,7,6,14,6,
28,8,6,16,7,8,6,16,7,8,6,16,7,5,6,15,6,
29,6,6,17,7,6,6,17,7,6,6,17,7,3,6,16,6,
30,4,6,18,7,4,6,18,7,4,6,18,7,1,6,17,6,
31,2,6,19,7,2,6,19,7,2,6,19,7,-1,6,18,6,
32,0,6,20,7,0,6,20,7,0,6,20,7,-1,6,19,6,
33,0,6,21,7,0,6,21,7,0,6,20,7,4,7,19,6,
34,5,7,21,7,5,7,21,7,5,7,18,7,9,8,17,6,
35,10,8,19,7,10,8,19,7,10,8,16,7,14,9,15,6,
36,10,8,17,7,10,8,17,7,10,8,14,7,14,9,13,6,
37,11,8,15,7,11,8,15,7,11,8,12,7,15,9,11,6,
38,12,8,13,7,12,8,13,7,12,8,10,7,16,9,9,6,
39,13,8,11,7,13,8,11,7,13,8,8,7,17,9,7,6,
40,14,8,9,7,14,8,9,7,14,8,6,7,18,9,5,6,
41,15,8,7,7,15,8,7,7,15,8,4,7,19,9,3,6,
42,16,8,5,7,16,8,5,7,16,8,2,7,20,9,1,6,
43,17,8,3,7,17,8,3,7,17,8,0,7,21,9,-1,6,
44,18,8,1,7,18,8,1,7,18,8,0,7,22,9,-1,6,
45,19,8,-1,7,19,8,-1,7,19,8,5,8,22,9,4,7,
46,20,8,-1,7,20,8,-1,7,19,8,10,9,20,9,9,8,
47,20,8,4,8,20,8,4,8,17,8,10,9,18,9,14,9,
48,18,8,9,9,18,8,9,9,15,8,11,9,16,9,14,9,
49,16,8,14,10,16,8,14,10,13,8,12,9,14,9,15,9,
50,14,8,14,10,14,8,14,10,11,8,13,9,12,9,16,9,
51,12,8,15,10,12,8,15,10,9,8,14,9,10,9,17,9,
52,10,8,16,10,10,8,16,10,7,8,15,9,8,9,18,9,
53,8,8,17,10,8,8,17,10,5,8,16,9,6,9,19,9,
54,6,8,18,10,6,8,18,10,3,8,17,9,4,9,20,9,
55,4,8,19,10,4,8,19,10,1,8,18,9,2,9,21,9,
56,2,8,20,10,2,8,20,10,-1,8,19,9,0,9,22,9,
57,0,8,21,10,0,8,21,10,-1,8,20,9,0,9,23,9,
58,0,8,22,10,0,8,21,10,4,9,20,9,5,10,23,9,
59,5,9,22,10,5,9,19,10,9,10,18,9,10,11,21,9,
60,10,10,20,10,10,10,17,10,14,11,16,9,10,11,19,9,
61,10,10,18,10,10,10,15,10,14,11,14,9,11,11,17,9,
62,11,10,16,10,11,10,13,10,15,11,12,9,12,11,15,9,
63,12,10,14,10,12,10,11,10,16,11,10,9,13,11,13,9,
64,13,10,12,10,13,10,9,10,17,11,8,9,14,11,11,9,
65,14,10,10,10,14,10,7,10,18,11,6,9,15,11,9,9,
66,15,10,8,10,15,10,5,10,19,11,4,9,16,11,7,9,
67,16,10,6,10,16,10,3,10,20,11,2,9,17,11,5,9,
68,17,10,4,10,17,10,1,10,21,11,0,9,18,11,3,9,
69,18,10,2,10,18,10,-1,10,22,11,0,9,19,11,1,9,
70,19,10,0,10,19,10,-1,10,22,11,5,10,20,11,-1,9,
71,20,10,0,10,19,10,4,11,20,11,10,11,21,11,-1,9,
72,20,10,5,11,17,10,9,12,18,11,10,11,21,11,4,10,
73,18,10,10,12,15,10,14,13,16,11,11,11,19,11,9,11,
74,16,10,10,12,13,10,14,13,14,11,12,11,17,11,14,12,
75,14,10,11,12,11,10,15,13,12,11,13,11,15,11,14,12,
76,12,10,12,12,9,10,16,13,10,11,14,11,13,11,15,12,
77,10,10,13,12,7,10,17,13,8,11,15,11,11,11,16,12,
78,8,10,14,12,5,10,18,13,6,11,16,11,9,11,17,12,
79,6,10,15,12,3,10,19,13,4,11,17,11,7,11,18,12,
80,4,10,16,12,1,10,20,13,2,11,18,11,5,11,19,12,
81,2,10,17,12,-1,10,21,13,0,11,19,11,3,11,20,12,
82,0,10,18,12,-1,10,22,13,0,11,20,11,1,11,21,12,
83,0,10,18,12,4,11,22,13,5,12,21,11,-1,11,22,12,
84,5,11,16,12,9,12,20,13,10,13,22,11,-1,11,22,12,
85,10,12,14,12,14,13,18,13,10,13,22,11,4,12,20,12,
86,10,12,12,12,14,13,16,13,11,13,20,11,9,13,18,12,
87,11,12,10,12,15,13,14,13,12,13,18,11,14,14,16,12,
88,12,12,8,12,16,13,12,13,13,13,16,11,14,14,14,12,
89,13,12,6,12,17,13,10,13,14,13,14,11,15,14,12,12,
90,14,12,4,12,18,13,8,13,15,13,12,11,16,14,10,12,
91,15,12,2,12,19,13,6,13,16,13,10,11,17,14,8,12,
92,16,12,0,12,20,13,4,13,17,13,8,11,18,14,6,12,
93,17,12,0,12,21,13,2,13,18,13,6,11,19,14,4,12,
94,18,12,5,13,22,13,0,13,19,13,4,11,20,14,2,12,
95,19,12,10,14,23,13,0,13,20,13,2,11,21,14,0,12,
96,20,12,10,14,23,13,5,14,21,13,0,11,22,14,0,12,
97,20,12,11,14,21,13,10,15,22,13,0,11,22,14,5,13,
98,18,12,12,14,19,13,10,15,22,13,5,12,20,14,10,14,
99,16,12,13,14,17,13,11,15,20,13,10,13,18,14,10,14,
100,14,12,14,14,15,13,12,15,18,13,10,13,16,14,11,14,
101,12,12,15,14,13,13,13,15,16,13,11,13,14,14,12,14,
102,10,12,16,14,11,13,14,15,14,13,12,13,12,14,13,14,
103,8,12,17,14,9,13,15,15,12,13,13,13,10,14,14,14,
104,6,12,18,14,7,13,16,15,10,13,14,13,8,14,15,14,
105,4,12,19,14,5,13,17,15,8,13,15,13,6,14,16,14,
106,2,12,20,14,3,13,18,15,6,13,16,13,4,14,17,14,
107,0,12,21,14,1,13,19,15,4,13,17,13,2,14,18,14,
108,0,12,22,14,-1,13,20,15,2,13,18,13,0,14,19,14,
109,5,13,23,14,-1,13,21,15,0,13,19,13,0,14,19,14,
110,10,14,23,14,4,14,22,15,0,13,19,13,5,15,17,14,
111,10,14,21,14,9,15,22,15,5,14,17,13,10,16,15,14,
112,11,14,19,14,14,16,20,15,10,15,15,13,10,16,13,14,
113,12,14,17,14,14,16,18,15,10,15,13,13,11,16,11,14,
114,13,14,15,14,15,16,16,15,11,15,11,13,12,16,9,14,
115,14,14,13,14,16,16,14,15,12,15,9,13,13,16,7,14,
116,15,14,11,14,17,16,12,15,13,15,7,13,14,16,5,14,
117,16,14,9,14,18,16,10,15,14,15,5,13,15,16,3,14,
118,17,14,7,14,19,16,8,15,15,15,3,13,16,16,1,14,
119,18,14,5,14,20,16,6,15,16,15,1,13,17,16,-1,14,
120,19,14,3,14,21,16,4,15,17,15,-1,13,18,16,-1,14,
121,20,14,1,14,22,16,2,15,18,15,-1,13,18,16,4,15,
122,21,14,-1,14,23,16,0,15,19,15,4,14,16,16,9,16,
123,22,14,-1,14,24,16,0,15,19,15,9,15,14,16,14,17,
124,22,14,4,15,24,16,5,16,17,15,14,16,12,16,14,17,
125,20,14,9,16,22,16,10,17,15,15,14,16,10,16,15,17,
126,18,14,14,17,20,16,10,17,13,15,15,16,8,16,16,17,
127,16,14,14,17,18,16,11,17,11,15,16,16,6,16,17,17,
128,14,14,15,17,16,16,12,17,9,15,17,16,4,16,18,17,
129,12,14,16,17,14,16,13,17,7,15,18,16,2,16,19,17,
130,10,14,17,17,12,16,14,17,5,15,19,16,0,16,20,17,
131,8,14,18,17,10,16,15,17,3,15,20,16,0,16,21,17,
132,6,14,19,17,8,16,16,17,1,15,21,16,5,17,22,17,
133,4,14,20,17,6,16,17,17,-1,15,22,16,10,18,23,17,
134,2,14,21,17,4,16,18,17,-1,15,22,16,10,18,24,17,
135,0,14,22,17,2,16,19,17,4,16,20,16,11,18,25,17,
136,0,14,23,17,0,16,20,17,9,17,18,16,12,18,25,17,
137,5,15,24,17,0,16,20,17,14,18,16,16,13,18,23,17,
138,10,16,24,17,5,17,18,17,14,18,14,16,14,18,21,17,
139,10,16,22,17,10,18,16,17,15,18,12,16,15,18,19,17,
140,11,16,20,17,10,18,14,17,16,18,10,16,16,18,17,17,
141,12,16,18,17,11,18,12,17,17,18,8,16,17,18,15,17,
142,13,16,16,17,12,18,10,17,18,18,6,16,18,18,13,17,
143,14,16,14,17,13,18,8,17,19,18,4,16,19,18,11,17,
144,15,16,12,17,14,18,6,17,20,18,2,16,20,18,9,17,
145,16,16,10,17,15,18,4,17,21,18,0,16,21,18,7,17,
146,17,16,8,17,16,18,2,17,22,18,0,16,22,18,5,17,
147,18,16,6,17,17,18,0,17,23,18,5,17,23,18,3,17,
148,19,16,4,17,18,18,0,17,23,18,10,18,24,18,1,17,
149,20,16,2,17,19,18,5,18,21,18,10,18,25,18,-1,17,
150,21,16,0,17,20,18,10,19,19,18,11,18,26,18,-1,17,
151,22,16,0,17,20,18,10,19,17,18,12,18,26,18,4,18,
152,22,16,5,18,18,18,11,19,15,18,13,18,24,18,9,19,
153,20,16,10,19,16,18,12,19,13,18,14,18,22,18,14,20,
154,18,16,10,19,14,18,13,19,11,18,15,18,20,18,14,20,
155,16,16,11,19,12,18,14,19,9,18,16,18,18,18,15,20,
156,14,16,12,19,10,18,15,19,7,18,17,18,16,18,16,20,
157,12,16,13,19,8,18,16,19,5,18,18,18,14,18,17,20,
158,10,16,14,19,6,18,17,19,3,18,19,18,12,18,18,20,
159,8,16,15,19,4,18,18,19,1,18,20,18,10,18,19,20,
160,6,16,16,19,2,18,19,19,-1,18,21,18,8,18,20,20,
161,4,16,17,19,0,18,20,19,-1,18,22,18,6,18,21,20,
162,2,16,18,19,0,18,20,19,4,19,23,18,4,18,22,20,
163,0,16,19,19,5,19,18,19,9,20,24,18,2,18,23,20,
164,0,16,19,19,10,20,16,19,14,21,25,18,0,18,24,20,
165,5,17,17,19,10,20,14,19,14,21,26,18,0,18,24,20,
166,10,18,15,19,11,20,12,19,15,21,26,18,5,19,22,20,
167,10,18,13,19,12,20,10,19,16,21,24,18,10,20,20,20,
168,11,18,11,19,13,20,8,19,17,21,22,18,10,20,18,20,
169,12,18,9,19,14,20,6,19,18,21,20,18,11,20,16,20,
170,13,18,7,19,15,20,4,19,19,21,18,18,12,20,14,20,
171,14,18,5,19,16,20,2,19,20,21,16,18,13,20,12,20,
172,15,18,3,19,17,20,0,19,21,21,14,18,14,20,10,20,
173,16,18,1,19,18,20,0,19,22,21,12,18,15,20,8,20,
174,17,18,-1,19,19,20,5,20,23,21,10,18,16,20,6,20,
175,18,18,-1,19,19,20,10,21,24,21,8,18,17,20,4,20,
176,19,18,4,20,17,20,10,21,25,21,6,18,18,20,2,20,
177,20,18,9,21,15,20,11,21,26,21,4,18,19,20,0,20,
178,21,18,14,22,13,20,12,21,27,21,2,18,20,20,0,20,
179,21,18,14,22,11,20,13,21,28,21,0,18,21,20,5,21,
180,19,18,15,22,9,20,14,21,29,21,0,18,21,20,10,22,
181,17,18,16,22,7,20,15,21,29,21,5,19,19,20,10,22,
182,15,18,17,22,5,20,16,21,27,21,10,20,17,20,11,22,
183,13,18,18,22,3,20,17,21,25,21,10,20,15,20,12,22,
184,11,18,19,22,1,20,18,21,23,21,11,20,13,20,13,22,
185,9,18,20,22,-1,20,19,21,21,21,12,20,11,20,14,22,
186,7,18,21,22,-1,20,20,21,19,21,13,20,9,20,15,22,
187,5,18,22,22,4,21,21,21,17,21,14,20,7,20,16,22,
188,3,18,23,22,9,22,22,21,15,21,15,20,5,20,17,22,
189,1,18,24,22,14,23,23,21,13,21,16,20,3,20,18,22,
190,-1,18,25,22,14,23,24,21,11,21,17,20,1,20,19,22,
191,-1,18,25,22,15,23,25,21,9,21,18,20,-1,20,20,22,
192,4,19,23,22,16,23,26,21,7,21,19,20,-1,20,20,22,
193,9,20,21,22,17,23,27,21,5,21,20,20,4,21,18,22,
194,14,21,19,22,18,23,28,21,3,21,21,20,9,22,16,22,
195,14,21,17,22,19,23,29,21,1,21,22,20,14,23,14,22,
196,15,21,15,22,20,23,30,21,-1,21,23,20,14,23,12,22,
197,16,21,13,22,21,23,31,21,-1,21,23,20,15,23,10,22,
198,17,21,11,22,22,23,31,21,4,22,21,20,16,23,8,22,
199,18,21,9,22,23,23,29,21,9,23,19,20,17,23,6,22,
200,19,21,7,22,24,23,27,21,14,24,17,20,18,23,4,22,
201,20,21,5,22,25,23,25,21,14,24,15,20,19,23,2,22,
202,21,21,3,22,26,23,23,21,15,24,13,20,20,23,0,22,
203,22,21,1,22,27,23,21,21,16,24,11,20,21,23,0,22,
204,23,21,-1,22,28,23,19,21,17,24,9,20,22,23,5,23,
205,24,21,-1,22,29,23,17,21,18,24,7,20,23,23,10,24,
206,24,21,4,23,30,23,15,21,19,24,5,20,24,23,10,24,
207,22,21,9,24,31,23,13,21,20,24,3,20,25,23,11,24,
208,20,21,14,25,32,23,11,21,21,24,1,20,26,23,12,24,
209,18,21,14,25,33,23,9,21,22,24,-1,20,27,23,13,24,
210,16,21,15,25,34,23,7,21,23,24,-1,20,27,23,14,24,
211,14,21,16,25,35,23,5,21,24,24,4,21,25,23,15,24,
212,12,21,17,25,36,23,3,21,25,24,9,22,23,23,16,24,
213,10,21,18,25,37,23,1,21,26,24,14,23,21,23,17,24,
214,8,21,19,25,38,23,-1,21,27,24,14,23,19,23,18,24,
215,6,21,20,25,39,23,-1,21,27,24,15,23,17,23,19,24,
216,4,21,21,25,39,23,4,22,25,24,16,23,15,23,20,24,
217,2,21,22,25,37,23,9,23,23,24,17,23,13,23,21,24,
218,0,21,23,25,35,23,14,24,21,24,18,23,11,23,22,24,
219,0,21,24,25,33,23,14,24,19,24,19,23,9,23,23,24,
220,5,22,25,25,31,23,15,24,17,24,20,23,7,23,24,24,
221,10,23,26,25,29,23,16,24,15,24,21,23,5,23,25,24,
222,10,23,27,25,27,23,17,24,13,24,22,23,3,23,26,24,
223,10,23,28,25,25,23,18,24,11,24,23,23,1,23,27,24,
224,8,23,29,25,23,23,19,24,9,24,24,23,-1,23,28,24,
225,6,23,30,25,21,23,20,24,7,24,25,23,-1,23,29,24,
226,4,23,31,25,19,23,21,24,5,24,26,23,4,24,30,24,
227,2,23,32,25,17,23,22,24,3,24,27,23,9,25,31,24,
228,0,23,33,25,15,23,23,24,1,24,28,23,14,26,32,24,
229,0,23,34,25,13,23,24,24,-1,24,29,23,14,26,32,24,
230,5,24,35,25,11,23,25,24,-1,24,29,23,15,26,30,24,
231,10,25,36,25,9,23,26,24,4,25,27,23,16,26,28,24,
232,10,25,37,25,7,23,27,24,9,26,25,23,17,26,26,24,
233,11,25,38,25,5,23,28,24,14,27,23,23,18,26,24,24,
234,12,25,39,25,3,23,29,24,14,27,21,23,19,26,22,24,
235,13,25,40,25,1,23,30,24,15,27,19,23,20,26,20,24,
236,14,25,41,25,-1,23,31,24,16,27,17,23,21,26,18,24,
237,15,25,42,25,-1,23,31,24,17,27,15,23,22,26,16,24,
238,16,25,42,25,4,24,29,24,18,27,13,23,23,26,14,24,
239,17,25,40,25,9,25,27,24,19,27,11,23,24,26,12,24,
240,18,25,38,25,14,26,25,24,20,27,9,23,25,26,10,24,
241,19,25,36,25,14,26,23,24,21,27,7,23,26,26,8,24,
242,20,25,34,25,15,26,21,24,22,27,5,23,27,26,6,24,
243,21,25,32,25,16,26,19,24,23,27,3,23,28,26,4,24,
244,22,25,30,25,17,26,17,24,24,27,1,23,29,26,2,24,
245,23,25,28,25,18,26,15,24,25,27,-1,23,30,26,0,24,
246,24,25,26,25,19,26,13,24,26,27,-1,23,31,26,0,24,
247,25,25,24,25,20,26,11,24,27,27,4,24,31,26,5,25,
248,26,25,22,25,21,26,9,24,28,27,9,25,29,26,10,26,
249,27,25,20,25,22,26,7,24,29,27,14,26,27,26,10,26,
250,28,25,18,25,23,26,5,24,30,27,14,26,25,26,11,26,
251,29,25,16,25,24,26,3,24,31,27,15,26,23,26,12,26,
252,30,25,14,25,25,26,1,24,32,27,16,26,21,26,13,26,
253,31,25,12,25,26,26,-1,24,33,27,17,26,19,26,14,26,
254,32,25,10,25,27,26,-1,24,33,27,18,26,17,26,15,26,
255,33,25,8,25,28,26,4,25,31,27,19,26,15,26,16,26,
256,34,25,6,25,29,26,9,26,29,27,20,26,13,26,17,26,
257,35,25,4,25,30,26,14,27,27,27,21,26,11,26,18,26,
258,36,25,2,25,31,26,14,27,25,27,22,26,9,26,19,26,
259,37,25,0,25,32,26,15,27,23,27,23,26,7,26,20,26,
260,38,25,0,25,32,26,16,27,21,27,24,26,5,26,21,26,
261,38,25,5,26,30,26,17,27,19,27,25,26,3,26,22,26,
262,36,25,10,27,28,26,18,27,17,27,26,26,1,26,23,26,
263,34,25,10,27,26,26,19,27,15,27,27,26,-1,26,24,26,
264,32,25,11,27,24,26,20,27,13,27,28,26,-1,26,25,26,
265,30,25,12,27,22,26,21,27,11,27,29,26,4,27,26,26,
266,28,25,13,27,20,26,22,27,9,27,30,26,9,28,27,26,
267,26,25,14,27,18,26,23,27,7,27,31,26,14,29,28,26,
268,24,25,15,27,16,26,24,27,5,27,32,26,14,29,29,26,
269,22,25,16,27,14,26,25,27,3,27,33,26,14,29,30,26,
270,20,25,17,27,12,26,26,27,1,27,34,26,12,29,31,26,
271,18,25,18,27,10,26,27,27,-1,27,35,26,10,29,32,26,
272,16,25,19,27,8,26,28,27,-1,27,36,26,8,29,33,26,
273,14,25,20,27,6,26,29,27,4,28,37,26,6,29,34,26,
274,12,25,21,27,4,26,30,27,9,29,38,26,4,29,35,26,
275,10,25,22,27,2,26,31,27,14,30,39,26,2,29,36,26,
276,8,25,23,27,0,26,32,27,14,30,40,26,0,29,37,26,
277,6,25,24,27,0,26,32,27,15,30,41,26,0,29,38,26,
278,4,25,25,27,5,27,30,27,16,30,41,26,5,30,39,26,
279,2,25,26,27,10,28,28,27,17,30,39,26,10,31,40,26,
280,0,25,27,27,10,28,26,27,18,30,37,26,10,31,41,26,
281,0,25,27,27,11,28,24,27,19,30,35,26,11,31,41,26,
282,5,26,25,27,12,28,22,27,20,30,33,26,12,31,39,26,
283,10,27,23,27,13,28,20,27,21,30,31,26,13,31,37,26,
284,10,27,21,27,14,28,18,27,22,30,29,26,14,31,35,26,
285,11,27,19,27,15,28,16,27,23,30,27,26,15,31,33,26,
286,12,27,17,27,16,28,14,27,24,30,25,26,16,31,31,26,
287,13,27,15,27,17,28,12,27,25,30,23,26,17,31,29,26,
288,14,27,13,27,18,28,10,27,26,30,21,26,18,31,27,26,
289,15,27,11,27,19,28,8,27,27,30,19,26,19,31,25,26,
290,16,27,9,27,20,28,6,27,28,30,17,26,20,31,23,26,
291,17,27,7,27,21,28,4,27,29,30,15,26,21,31,21,26,
292,18,27,5,27,22,28,2,27,30,30,13,26,22,31,19,26,
293,19,27,3,27,23,28,0,27,31,30,11,26,23,31,17,26,
294,20,27,1,27,24,28,0,27,32,30,9,26,24,31,15,26,
295,21,27,-1,27,25,28,5,28,33,30,7,26,25,31,13,26,
296,22,27,-1,27,25,28,10,29,34,30,5,26,26,31,11,26,
297,23,27,4,28,23,28,10,29,35,30,3,26,27,31,9,26,
298,24,27,9,29,21,28,11,29,36,30,1,26,28,31,7,26,
299,25,27,14,30,19,28,12,29,37,30,-1,26,29,31,5,26,
300,26,27,14,30,17,28,13,29,38,30,-1,26,30,31,3,26,
301,27,27,15,30,15,28,14,29,38,30,4,27,31,31,1,26,
302,28,27,16,30,13,28,15,29,36,30,9,28,32,31,-1,26,
303,29,27,17,30,11,28,16,29,34,30,14,29,33,31,-1,26,
304,29,27,18,30,9,28,17,29,32,30,14,29,33,31,4,27,
305,27,27,19,30,7,28,18,29,30,30,15,29,31,31,9,28,
306,25,27,20,30,5,28,19,29,28,30,16,29,29,31,14,29,
307,23,27,21,30,3,28,20,29,26,30,17,29,27,31,14,29,
308,21,27,22,30,1,28,21,29,24,30,18,29,25,31,15,29,
309,19,27,23,30,-1,28,22,29,22,30,19,29,23,31,16,29,
310,17,27,24,30,-1,28,23,29,20,30,20,29,21,31,17,29,
311,15,27,25,30,4,29,24,29,18,30,21,29,19,31,18,29,
312,13,27,26,30,9,30,25,29,16,30,22,29,17,31,19,29,
313,11,27,27,30,14,31,26,29,14,30,23,29,15,31,20,29,
314,9,27,28,30,14,31,27,29,12,30,24,29,13,31,21,29,
315,7,27,29,30,14,31,28,29,10,30,25,29,11,31,22,29,
316,5,27,30,30,12,31,29,29,8,30,26,29,9,31,23,29,
317,3,27,31,30,10,31,30,29,6,30,27,29,7,31,24,29,
318,1,27,32,30,8,31,31,29,4,30,28,29,5,31,25,29,
319,-1,27,33,30,6,31,32,29,2,30,29,29,3,31,26,29,
320,-1,27,34,30,4,31,33,29,0,30,30,29,1,31,27,29,
321,4,28,35,30,2,31,34,29,0,30,31,29,-1,31,28,29,
322,9,29,36,30,0,31,35,29,5,31,32,29,-1,31,28,29,
323,14,30,37,30,0,31,35,29,10,32,32,29,4,32,26,29,
324,14,30,37,30,5,32,33,29,10,32,30,29,9,33,24,29,
325,15,30,35,30,10,33,31,29,11,32,28,29,14,34,22,29,
326,16,30,33,30,10,33,29,29,12,32,26,29,14,34,20,29,
327,17,30,31,30,11,33,27,29,13,32,24,29,15,34,18,29,
328,18,30,29,30,12,33,25,29,14,32,22,29,16,34,16,29,
329,19,30,27,30,13,33,23,29,15,32,20,29,17,34,14,29,
330,20,30,25,30,14,33,21,29,16,32,18,29,18,34,12,29,
331,21,30,23,30,15,33,19,29,17,32,16,29,19,34,10,29,
332,22,30,21,30,16,33,17,29,18,32,14,29,20,34,8,29,
333,23,30,19,30,17,33,15,29,19,32,12,29,21,34,6,29,
334,24,30,17,30,18,33,13,29,20,32,10,29,22,34,4,29,
335,25,30,15,30,19,33,11,29,21,32,8,29,23,34,2,29,
336,26,30,13,30,20,33,9,29,22,32,6,29,24,34,0,29,
337,27,30,11,30,21,33,7,29,23,32,4,29,25,34,0,29,
338,28,30,9,30,22,33,5,29,24,32,2,29,26,34,5,30,
339,29,30,7,30,23,33,3,29,25,32,0,29,27,34,10,31,
340,30,30,5,30,24,33,1,29,26,32,0,29,27,34,10,31,
341,31,30,3,30,25,33,-1,29,27,32,5,30,25,34,11,31,
342,32,30,1,30,26,33,-1,29,27,32,10,31,23,34,12,31,
343,33,30,-1,30,27,33,4,30,25,32,10,31,21,34,13,31,
344,34,30,-1,30,27,33,9,31,23,32,11,31,19,34,14,31,
345,34,30,4,31,25,33,14,32,21,32,12,31,17,34,15,31,
346,32,30,9,32,23,33,14,32,19,32,13,31,15,34,16,31,
347,30,30,14,33,21,33,15,32,17,32,14,31,13,34,17,31,
348,28,30,14,33,19,33,16,32,15,32,15,31,11,34,18,31,
349,26,30,15,33,17,33,17,32,13,32,16,31,9,34,19,31,
350,24,30,16,33,15,33,18,32,11,32,17,31,7,34,20,31,
351,22,30,17,33,13,33,19,32,9,32,18,31,5,34,21,31,
352,20,30,18,33,11,33,20,32,7,32,19,31,3,34,22,31,
353,18,30,19,33,9,33,21,32,5,32,20,31,1,34,23,31,
354,16,30,20,33,7,33,22,32,3,32,21,31,-1,34,24,31,
355,14,30,21,33,5,33,23,32,1,32,22,31,-1,34,25,31,
356,12,30,22,33,3,33,24,32,-1,32,23,31,4,35,26,31,
357,10,30,23,33,1,33,25,32,-1,32,23,31,9,36,27,31,
358,8,30,24,33,-1,33,26,32,4,33,21,31,14,37,28,31,
359,6,30,25,33,-1,33,26,32,9,34,19,31,14,37,29,31,
360,4,30,26,33,4,34,24,32,14,35,17,31,15,37,30,31,
361,2,30,27,33,9,35,22,32,14,35,15,31,16,37,31,31,
362,0,30,28,33,14,36,20,32,15,35,13,31,17,37,32,31,
363,0,30,28,33,14,36,18,32,16,35,11,31,18,37,32,31,
364,5,31,26,33,15,36,16,32,17,35,9,31,19,37,30,31,
365,10,32,24,33,16,36,14,32,18,35,7,31,20,37,28,31,
366,10,32,22,33,17,36,12,32,19,35,5,31,21,37,26,31,
367,11,32,20,33,18,36,10,32,20,35,3,31,22,37,24,31,
368,12,32,18,33,19,36,8,32,21,35,1,31,23,37,22,31,
369,13,32,16,33,20,36,6,32,22,35,-1,31,24,37,20,31,
370,14,32,14,33,21,36,4,32,23,35,-1,31,25,37,18,31,
371,15,32,12,33,22,36,2,32,24,35,4,32,26,37,16,31,
372,16,32,10,33,23,36,0,32,25,35,9,33,27,37,14,31,
373,17,32,8,33,24,36,0,32,25,35,14,34,28,37,12,31,
374,18,32,6,33,25,36,5,33,23,35,14,34,29,37,10,31,
375,19,32,4,33,26,36,10,34,21,35,15,34,30,37,8,31,
376,20,32,2,33,27,36,10,34,19,35,16,34,31,37,6,31,
377,21,32,0,33,28,36,11,34,17,35,17,34,32,37,4,31,
378,22,32,0,33,28,36,12,34,15,35,18,34,33,37,2,31,
379,23,32,5,34,26,36,13,34,13,35,19,34,34,37,0,31,
380,24,32,10,35,24,36,14,34,11,35,20,34,35,37,0,31,
381,24,32,10,35,22,36,15,34,9,35,21,34,35,37,5,32,
382,22,32,11,35,20,36,16,34,7,35,22,34,33,37,10,33,
383,20,32,12,35,18,36,17,34,5,35,23,34,31,37,10,33,
384,18,32,13,35,16,36,18,34,3,35,24,34,29,37,11,33,
385,16,32,14,35,14,36,19,34,1,35,25,34,27,37,12,33,
386,14,32,15,35,12,36,20,34,-1,35,26,34,25,37,13,33,
387,12,32,16,35,10,36,21,34,-1,35,27,34,23,37,14,33,
388,10,32,17,35,8,36,22,34,4,36,28,34,21,37,15,33,
389,8,32,18,35,6,36,23,34,9,37,29,34,19,37,16,33,
390,6,32,19,35,4,36,24,34,14,38,30,34,17,37,17,33,
391,4,32,20,35,2,36,25,34,14,38,31,34,15,37,18,33,
392,2,32,21,35,0,36,26,34,14,38,32,34,13,37,19,33,
393,0,32,22,35,0,36,27,34,12,38,33,34,11,37,20,33,
394,0,32,22,35,5,37,28,34,10,38,34,34,9,37,21,33,
395,5,33,20,35,10,38,29,34,8,38,35,34,7,37,22,33,
396,10,34,18,35,10,38,30,34,6,38,36,34,5,37,23,33,
397,10,34,16,35,11,38,31,34,4,38,37,34,3,37,24,33,
398,11,34,14,35,12,38,32,34,2,38,38,34,1,37,25,33,
399,12,34,12,35,13,38,33,34,0,38,39,34,-1,37,26,33,
400,13,34,10,35,14,38,34,34,0,38,40,34,-1,37,26,33,
401,14,34,8,35,15,38,34,34,5,39,40,34,4,38,24,33,
402,15,34,6,35,16,38,32,34,10,40,38,34,9,39,22,33,
403,16,34,4,35,17,38,30,34,10,40,36,34,14,40,20,33,
404,17,34,2,35,18,38,28,34,11,40,34,34,14,40,18,33,
405,18,34,0,35,19,38,26,34,12,40,32,34,15,40,16,33,
406,19,34,0,35,20,38,24,34,13,40,30,34,16,40,14,33,
407,20,34,5,36,21,38,22,34,14,40,28,34,17,40,12,33,
408,21,34,10,37,22,38,20,34,15,40,26,34,18,40,10,33,
409,22,34,10,37,23,38,18,34,16,40,24,34,19,40,8,33,
410,23,34,10,37,24,38,16,34,17,40,22,34,20,40,6,33,
411,24,34,8,37,25,38,14,34,18,40,20,34,21,40,4,33,
412,25,34,6,37,26,38,12,34,19,40,18,34,22,40,2,33,
413,26,34,4,37,27,38,10,34,20,40,16,34,23,40,0,33,
414,27,34,2,37,28,38,8,34,21,40,14,34,24,40,0,33,
415,28,34,0,37,29,38,6,34,22,40,12,34,25,40,5,34,
416,29,34,0,37,30,38,4,34,23,40,10,34,26,40,10,35,
417,29,34,5,38,31,38,2,34,24,40,8,34,27,40,10,35,
418,27,34,10,39,32,38,0,34,25,40,6,34,28,40,11,35,
419,25,34,10,39,33,38,0,34,26,40,4,34,29,40,12,35,
420,23,34,11,39,33,38,5,35,27,40,2,34,30,40,13,35,
421,21,34,12,39,31,38,10,36,28,40,0,34,31,40,14,35,
422,19,34,13,39,29,38,10,36,29,40,0,34,31,40,15,35,
423,17,34,14,39,27,38,11,36,29,40,5,35,29,40,16,35,
424,15,34,15,39,25,38,12,36,27,40,10,36,27,40,17,35,
425,13,34,16,39,23,38,13,36,25,40,10,36,25,40,18,35,
426,11,34,17,39,21,38,14,36,23,40,11,36,23,40,19,35,
427,9,34,18,39,19,38,15,36,21,40,12,36,21,40,20,35,
428,7,34,19,39,17,38,16,36,19,40,13,36,19,40,21,35,
429,5,34,20,39,15,38,17,36,17,40,14,36,17,40,22,35,
430,3,34,21,39,13,38,18,36,15,40,15,36,15,40,23,35,
431,1,34,22,39,11,38,19,36,13,40,16,36,13,40,24,35,
432,-1,34,23,39,9,38,20,36,11,40,17,36,11,40,25,35,
433,-1,34,24,39,7,38,21,36,9,40,18,36,9,40,26,35,
434,4,35,25,39,5,38,22,36,7,40,19,36,7,40,27,35,
435,9,36,26,39,3,38,23,36,5,40,20,36,5,40,28,35,
436,14,37,27,39,1,38,24,36,3,40,21,36,3,40,29,35,
437,14,37,28,39,-1,38,25,36,1,40,22,36,1,40,30,35,
438,14,37,29,39,-1,38,26,36,-1,40,23,36,-1,40,31,35,
439,12,37,30,39,4,39,27,36,-1,40,24,36,-1,40,32,35,
440,10,37,31,39,9,40,27,36,4,41,24,36,4,41,33,35,
441,8,37,32,39,14,41,25,36,9,42,22,36,9,42,34,35,
442,6,37,33,39,14,41,23,36,14,43,20,36,14,43,35,35,
443,4,37,34,39,15,41,21,36,14,43,18,36,14,43,36,35,
444,2,37,35,39,16,41,19,36,15,43,16,36,15,43,37,35,
445,0,37,36,39,17,41,17,36,16,43,14,36,16,43,38,35,
446,0,37,36,39,18,41,15,36,17,43,12,36,17,43,38,35,
447,5,38,34,39,19,41,13,36,18,43,10,36,18,43,36,35,
448,10,39,32,39,20,41,11,36,19,43,8,36,19,43,34,35,
449,10,39,30,39,21,41,9,36,20,43,6,36,20,43,32,35,
450,11,39,28,39,22,41,7,36,21,43,4,36,21,43,30,35,
451,12,39,26,39,23,41,5,36,22,43,2,36,22,43,28,35,
452,13,39,24,39,24,41,3,36,23,43,0,36,23,43,26,35,
453,14,39,22,39,25,41,1,36,24,43,0,36,24,43,24,35,
454,15,39,20,39,26,41,-1,36,25,43,5,37,25,43,22,35,
455,16,39,18,39,27,41,-1,36,25,43,10,38,26,43,20,35,
456,17,39,16,39,28,41,4,37,23,43,10,38,27,43,18,35,
457,18,39,14,39,29,41,9,38,21,43,11,38,28,43,16,35,
458,19,39,12,39,30,41,14,39,19,43,12,38,29,43,14,35,
459,20,39,10,39,31,41,14,39,17,43,13,38,30,43,12,35,
460,21,39,8,39,32,41,15,39,15,43,14,38,31,43,10,35,
461,22,39,6,39,33,41,16,39,13,43,15,38,32,43,8,35,
462,23,39,4,39,34,41,17,39,11,43,16,38,33,43,6,35,
463,24,39,2,39,35,41,18,39,9,43,17,38,34,43,4,35,
464,25,39,0,39,36,41,19,39,7,43,18,38,35,43,2,35,
465,26,39,0,39,36,41,20,39,5,43,19,38,36,43,0,35,
466,27,39,5,40,34,41,21,39,3,43,20,38,37,43,0,35,
467,27,39,10,41,32,41,22,39,1,43,21,38,37,43,5,36,
468,25,39,10,41,30,41,23,39,-1,43,22,38,35,43,10,37,
469,23,39,11,41,28,41,24,39,-1,43,23,38,33,43,10,37,
470,21,39,12,41,26,41,25,39,4,44,24,38,31,43,11,37,
471,19,39,13,41,24,41,26,39,9,45,25,38,29,43,12,37,
472,17,39,14,41,22,41,27,39,14,46,26,38,27,43,13,37,
473,15,39,15,41,20,41,28,39,14,46,27,38,25,43,14,37,
474,13,39,16,41,18,41,29,39,14,46,28,38,23,43,15,37,
475,11,39,17,41,16,41,30,39,12,46,29,38,21,43,16,37,
476,9,39,18,41,14,41,31,39,10,46,30,38,19,43,17,37,
477,7,39,19,41,12,41,32,39,8,46,31,38,17,43,18,37,
478,5,39,20,41,10,41,33,39,6,46,32,38,15,43,19,37,
479,3,39,21,41,8,41,34,39,4,46,33,38,13,43,20,37,
480,1,39,22,41,6,41,35,39,2,46,34,38,11,43,21,37,
481,-1,39,23,41,4,41,36,39,0,46,35,38,9,43,22,37,
482,-1,39,24,41,2,41,37,39,0,46,36,38,7,43,23,37,
483,4,40,25,41,0,41,38,39,5,47,37,38,5,43,24,37,
484,9,41,26,41,0,41,38,39,10,48,38,38,3,43,25,37,
485,14,42,26,41,5,42,36,39,10,48,39,38,1,43,26,37,
486,14,42,24,41,10,43,34,39,11,48,40,38,-1,43,27,37,
487,15,42,22,41,10,43,32,39,12,48,41,38,-1,43,27,37,
488,16,42,20,41,11,43,30,39,13,48,41,38,4,44,25,37,
489,17,42,18,41,12,43,28,39,14,48,39,38,9,45,23,37,
490,18,42,16,41,13,43,26,39,15,48,37,38,14,46,21,37,
491,19,42,14,41,14,43,24,39,16,48,35,38,14,46,19,37,
492,20,42,12,41,15,43,22,39,17,48,33,38,15,46,17,37,
493,21,42,10,41,16,43,20,39,18,48,31,38,16,46,15,37,
494,22,42,8,41,17,43,18,39,19,48,29,38,17,46,13,37,
495,23,42,6,41,18,43,16,39,20,48,27,38,18,46,11,37,
496,24,42,4,41,19,43,14,39,21,48,25,38,19,46,9,37,
497,25,42,2,41,20,43,12,39,22,48,23,38,20,46,7,37,
498,26,42,0,41,21,43,10,39,23,48,21,38,21,46,5,37,
499,27,42,0,41,22,43,8,39,24,48,19,38,22,46,3,37,
500,28,42,5,42,23,43,6,39,25,48,17,38,23,46,1,37,
501,29,42,10,43,24,43,4,39,26,48,15,38,24,46,-1,37,
502,30,42,10,43,25,43,2,39,27,48,13,38,25,46,-1,37,
503,30,42,11,43,26,43,0,39,28,48,11,38,26,46,4,38,
504,28,42,12,43,27,43,0,39,29,48,9,38,27,46,9,39,
505,26,42,13,43,27,43,5,40,30,48,7,38,28,46,14,40,
506,24,42,14,43,25,43,10,41,31,48,5,38,29,46,14,40,
507,22,42,15,43,23,43,10,41,32,48,3,38,30,46,15,40,
508,20,42,16,43,21,43,11,41,33,48,1,38,31,46,16,40,
509,18,42,17,43,19,43,12,41,34,48,-1,38,32,46,17,40,
510,16,42,18,43,17,43,13,41,35,48,-1,38,32,46,18,40,
511,14,42,19,43,15,43,14,41,35,48,4,39,30,46,19,40,
512,12,42,20,43,13,43,15,41,33,48,9,40,28,46,20,40,
513,10,42,21,43,11,43,16,41,31,48,14,41,26,46,21,40,
514,8,42,22,43,9,43,17,41,29,48,14,41,24,46,22,40,
515,6,42,23,43,7,43,18,41,27,48,15,41,22,46,23,40,
516,4,42,24,43,5,43,19,41,25,48,16,41,20,46,24,40,
517,2,42,25,43,3,43,20,41,23,48,17,41,18,46,25,40,
518,0,42,26,43,1,43,21,41,21,48,18,41,16,46,26,40,
519,0,42,27,43,-1,43,22,41,19,48,19,41,14,46,27,40,
520,5,43,28,43,-1,43,23,41,17,48,20,41,12,46,28,40,
521,10,44,28,43,4,44,24,41,15,48,21,41,10,46,29,40,
522,10,44,26,43,9,45,25,41,13,48,22,41,8,46,30,40,
523,11,44,24,43,14,46,26,41,11,48,23,41,6,46,31,40,
524,12,44,22,43,14,46,27,41,9,48,24,41,4,46,32,40,
525,13,44,20,43,15,46,28,41,7,48,25,41,2,46,33,40,
526,14,44,18,43,16,46,29,41,5,48,26,41,0,46,34,40,
527,15,44,16,43,17,46,30,41,3,48,27,41,0,46,34,40,
528,16,44,14,43,18,46,31,41,1,48,28,41,5,47,32,40,
529,17,44,12,43,19,46,32,41,-1,48,29,41,10,48,30,40,
530,18,44,10,43,20,46,33,41,-1,48,29,41,10,48,28,40,
531,19,44,8,43,21,46,33,41,4,49,27,41,11,48,26,40,
532,20,44,6,43,22,46,31,41,9,50,25,41,12,48,24,40,
533,21,44,4,43,23,46,29,41,14,51,23,41,13,48,22,40,
534,22,44,2,43,24,46,27,41,14,51,21,41,14,48,20,40,
535,23,44,0,43,25,46,25,41,15,51,19,41,15,48,18,40,
536,24,44,0,43,26,46,23,41,16,51,17,41,16,48,16,40,
537,25,44,5,44,27,46,21,41,17,51,15,41,17,48,14,40,
538,26,44,10,45,28,46,19,41,18,51,13,41,18,48,12,40,
539,27,44,10,45,29,46,17,41,19,51,11,41,19,48,10,40,
540,28,44,10,45,30,46,15,41,20,51,9,41,20,48,8,40,
541,29,44,8,45,31,46,13,41,21,51,7,41,21,48,6,40,
542,30,44,6,45,32,46,11,41,22,51,5,41,22,48,4,40,
543,31,44,4,45,33,46,9,41,23,51,3,41,23,48,2,40,
544,32,44,2,45,34,46,7,41,24,51,1,41,24,48,0,40,
545,33,44,0,45,35,46,5,41,25,51,-1,41,25,48,0,40,
546,34,44,0,45,36,46,3,41,26,51,-1,41,25,48,5,41,
547,34,44,5,46,37,46,1,41,27,51,4,42,23,48,10,42,
548,32,44,10,47,38,46,-1,41,28,51,9,43,21,48,10,42,
549,30,44,10,47,39,46,-1,41,28,51,14,44,19,48,11,42,
550,28,44,11,47,39,46,4,42,26,51,14,44,17,48,12,42,
551,26,44,12,47,37,46,9,43,24,51,15,44,15,48,13,42,
552,24,44,13,47,35,46,14,44,22,51,16,44,13,48,14,42,
553,22,44,14,47,33,46,14,44,20,51,17,44,11,48,15,42,
554,20,44,15,47,31,46,15,44,18,51,18,44,9,48,16,42,
555,18,44,16,47,29,46,16,44,16,51,19,44,7,48,17,42,
556,16,44,17,47,27,46,17,44,14,51,20,44,5,48,18,42,
557,14,44,18,47,25,46,18,44,12,51,21,44,3,48,19,42,
558,12,44,19,47,23,46,19,44,10,51,22,44,1,48,20,42,
559,10,44,20,47,21,46,20,44,8,51,23,44,-1,48,21,42,
560,8,44,21,47,19,46,21,44,6,51,24,44,-1,48,22,42,
561,6,44,22,47,17,46,22,44,4,51,25,44,4,49,23,42,
562,4,44,23,47,15,46,23,44,2,51,26,44,9,50,24,42,
563,2,44,24,47,13,46,24,44,0,51,27,44,14,51,25,42,
564,0,44,25,47,11,46,25,44,0,51,27,44,14,51,26,42,
565,0,44,26,47,9,46,26,44,5,52,25,44,15,51,26,42,
566,5,45,27,47,7,46,27,44,10,53,23,44,16,51,24,42,
567,10,46,28,47,5,46,28,44,10,53,21,44,17,51,22,42,
568,10,46,29,47,3,46,29,44,11,53,19,44,18,51,20,42,
569,11,46,30,47,1,46,30,44,12,53,17,44,19,51,18,42,
570,12,46,31,47,-1,46,31,44,13,53,15,44,20,51,16,42,
571,13,46,32,47,-1,46,31,44,14,53,13,44,21,51,14,42,
572,14,46,32,47,4,47,29,44,15,53,11,44,22,51,12,42,
573,15,46,30,47,9,48,27,44,16,53,9,44,23,51,10,42,
574,16,46,28,47,14,49,25,44,17,53,7,44,24,51,8,42,
575,17,46,26,47,14,49,23,44,18,53,5,44,25,51,6,42,
576,18,46,24,47,15,49,21,44,19,53,3,44,26,51,4,42,
577,19,46,22,47,16,49,19,44,20,53,1,44,27,51,2,42,
578,20,46,20,47,17,49,17,44,21,53,-1,44,28,51,0,42,
579,21,46,18,47,18,49,15,44,22,53,-1,44,29,51,0,42,
580,22,46,16,47,19,49,13,44,23,53,4,45,29,51,5,43,
581,23,46,14,47,20,49,11,44,24,53,9,46,27,51,10,44,
582,24,46,12,47,21,49,9,44,25,53,14,47,25,51,10,44,
583,25,46,10,47,22,49,7,44,26,53,14,47,23,51,11,44,
584,26,46,8,47,23,49,5,44,27,53,15,47,21,51,12,44,
585,27,46,6,47,24,49,3,44,28,53,16,47,19,51,13,44,
586,28,46,4,47,25,49,1,44,29,53,17,47,17,51,14,44,
587,29,46,2,47,26,49,-1,44,30,53,18,47,15,51,15,44,
588,30,46,0,47,27,49,-1,44,30,53,19,47,13,51,16,44,
589,31,46,0,47,27,49,4,45,28,53,20,47,11,51,17,44,
590,31,46,5,48,25,49,9,46,26,53,21,47,9,51,18,44,
591,29,46,10,49,23,49,14,47,24,53,22,47,7,51,19,44,
592,27,46,10,49,21,49,14,47,22,53,23,47,5,51,20,44,
593,25,46,11,49,19,49,15,47,20,53,24,47,3,51,21,44,
594,23,46,12,49,17,49,16,47,18,53,25,47,1,51,22,44,
595,21,46,13,49,15,49,17,47,16,53,26,47,-1,51,23,44,
596,19,46,14,49,13,49,18,47,14,53,27,47,-1,51,24,44,
597,17,46,15,49,11,49,19,47,12,53,28,47,4,52,25,44,
598,15,46,16,49,9,49,20,47,10,53,29,47,9,53,26,44,
599,13,46,17,49,7,49,21,47,8,53,30,47,14,54,27,44,
600,11,46,18,49,5,49,22,47,6,53,31,47,14,54,28,44,
601,9,46,19,49,3,49,23,47,4,53,32,47,14,54,29,44,
602,7,46,20,49,1,49,24,47,2,53,33,47,12,54,30,44,
603,5,46,21,49,-1,49,25,47,0,53,34,47,10,54,31,44,
604,3,46,22,49,-1,49,26,47,0,53,35,47,8,54,32,44,
605,1,46,23,49,4,50,26,47,5,54,36,47,6,54,33,44,
606,-1,46,24,49,9,51,24,47,10,55,37,47,4,54,34,44,
607,-1,46,24,49,14,52,22,47,10,55,38,47,2,54,35,44,
608,4,47,22,49,14,52,20,47,11,55,39,47,0,54,36,44,
609,9,48,20,49,15,52,18,47,12,55,40,47,0,54,36,44,
610,14,49,18,49,16,52,16,47,13,55,40,47,5,55,34,44,
611,14,49,16,49,17,52,14,47,14,55,38,47,10,56,32,44,
612,15,49,14,49,18,52,12,47,15,55,36,47,10,56,30,44,
613,16,49,12,49,19,52,10,47,16,55,34,47,11,56,28,44,
614,17,49,10,49,20,52,8,47,17,55,32,47,12,56,26,44,
615,18,49,8,49,21,52,6,47,18,55,30,47,13,56,24,44,
616,19,49,6,49,22,52,4,47,19,55,28,47,14,56,22,44,
617,20,49,4,49,23,52,2,47,20,55,26,47,15,56,20,44,
618,21,49,2,49,24,52,0,47,21,55,24,47,16,56,18,44,
619,22,49,0,49,25,52,0,47,22,55,22,47,17,56,16,44,
620,23,49,0,49,25,52,5,48,23,55,20,47,18,56,14,44,
621,24,49,5,50,23,52,10,49,24,55,18,47,19,56,12,44,
622,25,49,10,51,21,52,10,49,25,55,16,47,20,56,10,44,
623,26,49,10,51,19,52,11,49,26,55,14,47,21,56,8,44,
624,27,49,11,51,17,52,12,49,27,55,12,47,22,56,6,44,
625,28,49,12,51,15,52,13,49,28,55,10,47,23,56,4,44,
626,29,49,13,51,13,52,14,49,29,55,8,47,24,56,2,44,
627,30,49,14,51,11,52,15,49,30,55,6,47,25,56,0,44,
628,31,49,15,51,9,52,16,49,31,55,4,47,26,56,0,44,
629,31,49,16,51,7,52,17,49,32,55,2,47,27,56,5,45,
630,29,49,17,51,5,52,18,49,33,55,0,47,28,56,10,46,
631,27,49,18,51,3,52,19,49,34,55,0,47,28,56,10,46,
632,25,49,19,51,1,52,20,49,34,55,5,48,26,56,11,46,
633,23,49,20,51,-1,52,21,49,32,55,10,49,24,56,12,46,
634,21,49,21,51,-1,52,22,49,30,55,10,49,22,56,13,46,
635,19,49,22,51,4,53,23,49,28,55,11,49,20,56,14,46,
636,17,49,23,51,9,54,24,49,26,55,12,49,18,56,15,46,
637,15,49,24,51,14,55,25,49,24,55,13,49,16,56,16,46,
638,13,49,25,51,14,55,26,49,22,55,14,49,14,56,17,46,
639,11,49,26,51,14,55,27,49,20,55,15,49,12,56,18,46,
640,9,49,27,51,12,55,28,49,18,55,16,49,10,56,19,46,
641,7,49,28,51,10,55,29,49,16,55,17,49,8,56,20,46,
642,5,49,29,51,8,55,30,49,14,55,18,49,6,56,21,46,
643,3,49,30,51,6,55,31,49,12,55,19,49,4,56,22,46,
644,1,49,31,51,4,55,32,49,10,55,20,49,2,56,23,46,
645,-1,49,32,51,2,55,33,49,8,55,21,49,0,56,24,46,
646,-1,49,33,51,0,55,34,49,6,55,22,49,0,56,24,46,
647,4,50,34,51,0,55,35,49,4,55,23,49,5,57,22,46,
648,9,51,34,51,5,56,36,49,2,55,24,49,10,58,20,46,
649,14,52,32,51,10,57,37,49,0,55,25,49,10,58,18,46,
650,14,52,30,51,10,57,38,49,0,55,25,49,11,58,16,46,
651,15,52,28,51,11,57,38,49,5,56,23,49,12,58,14,46,
652,16,52,26,51,12,57,36,49,10,57,21,49,13,58,12,46,
653,17,52,24,51,13,57,34,49,10,57,19,49,14,58,10,46,
654,18,52,22,51,14,57,32,49,11,57,17,49,15,58,8,46,
655,19,52,20,51,15,57,30,49,12,57,15,49,16,58,6,46,
656,20,52,18,51,16,57,28,49,13,57,13,49,17,58,4,46,
657,21,52,16,51,17,57,26,49,14,57,11,49,18,58,2,46,
658,22,52,14,51,18,57,24,49,15,57,9,49,19,58,0,46,
659,23,52,12,51,19,57,22,49,16,57,7,49,20,58,0,46,
660,24,52,10,51,20,57,20,49,17,57,5,49,21,58,5,47,
661,25,52,8,51,21,57,18,49,18,57,3,49,22,58,10,48,
662,26,52,6,51,22,57,16,49,19,57,1,49,23,58,10,48,
663,27,52,4,51,23,57,14,49,20,57,-1,49,24,58,10,48,
664,28,52,2,51,24,57,12,49,21,57,-1,49,25,58,8,48,
665,29,52,0,51,25,57,10,49,22,57,4,50,26,58,6,48,
666,30,52,0,51,26,57,8,49,23,57,9,51,27,58,4,48,
667,31,52,5,52,27,57,6,49,24,57,14,52,28,58,2,48,
668,32,52,10,53,28,57,4,49,25,57,14,52,29,58,0,48,
669,33,52,10,53,29,57,2,49,26,57,14,52,30,58,0,48,
670,33,52,11,53,30,57,0,49,27,57,12,52,31,58,5,49,
671,31,52,12,53,31,57,0,49,28,57,10,52,32,58,10,50,
672,29,52,13,53,31,57,5,50,29,57,8,52,33,58,10,50,
673,27,52,14,53,29,57,10,51,30,57,6,52,34,58,11,50,
674,25,52,15,53,27,57,10,51,31,57,4,52,35,58,12,50,
675,23,52,16,53,25,57,11,51,32,57,2,52,36,58,13,50,
676,21,52,17,53,23,57,12,51,33,57,0,52,37,58,14,50,
677,19,52,18,53,21,57,13,51,34,57,0,52,37,58,15,50,
678,17,52,19,53,19,57,14,51,34,57,5,53,35,58,16,50,
679,15,52,20,53,17,57,15,51,32,57,10,54,33,58,17,50,
680,13,52,21,53,15,57,16,51,30,57,10,54,31,58,18,50,
681,11,52,22,53,13,57,17,51,28,57,11,54,29,58,19,50,
682,9,52,23,53,11,57,18,51,26,57,12,54,27,58,20,50,
683,7,52,24,53,9,57,19,51,24,57,13,54,25,58,21,50,
684,5,52,25,53,7,57,20,51,22,57,14,54,23,58,22,50,
685,3,52,26,53,5,57,21,51,20,57,15,54,21,58,23,50,
686,1,52,27,53,3,57,22,51,18,57,16,54,19,58,24,50,
687,-1,52,28,53,1,57,23,51,16,57,17,54,17,58,25,50,
688,-1,52,29,53,-1,57,24,51,14,57,18,54,15,58,26,50,
689,4,53,30,53,-1,57,25,51,12,57,19,54,13,58,27,50,
690,9,54,30,53,4,58,26,51,10,57,20,54,11,58,28,50,
691,14,55,28,53,9,59,27,51,8,57,21,54,9,58,29,50,
692,14,55,26,53,14,60,28,51,6,57,22,54,7,58,30,50,
693,15,55,24,53,14,60,29,51,4,57,23,54,5,58,31,50,
694,16,55,22,53,15,60,30,51,2,57,24,54,3,58,32,50,
695,17,55,20,53,16,60,31,51,0,57,25,54,1,58,33,50,
696,18,55,18,53,17,60,32,51,0,57,26,54,-1,58,34,50,
697,19,55,16,53,18,60,32,51,5,58,27,54,-1,58,34,50,
698,20,55,14,53,19,60,30,51,10,59,27,54,4,59,32,50,
699,21,55,12,53,20,60,28,51,10,59,25,54,9,60,30,50,
700,22,55,10,53,21,60,26,51,11,59,23,54,14,61,28,50,
701,23,55,8,53,22,60,24,51,12,59,21,54,14,61,26,50,
702,24,55,6,53,23,60,22,51,13,59,19,54,15,61,24,50,
703,25,55,4,53,24,60,20,51,14,59,17,54,16,61,22,50,
704,26,55,2,53,25,60,18,51,15,59,15,54,17,61,20,50,
705,27,55,0,53,26,60,16,51,16,59,13,54,18,61,18,50,
706,28,55,0,53,27,60,14,51,17,59,11,54,19,61,16,50,
707,29,55,5,54,28,60,12,51,18,59,9,54,20,61,14,50,
708,30,55,10,55,29,60,10,51,19,59,7,54,21,61,12,50,
709,31,55,10,55,30,60,8,51,20,59,5,54,22,61,10,50,
710,32,55,10,55,31,60,6,51,21,59,3,54,23,61,8,50,
711,33,55,8,55,32,60,4,51,22,59,1,54,24,61,6,50,
712,34,55,6,55,33,60,2,51,23,59,-1,54,25,61,4,50,
713,35,55,4,55,34,60,0,51,24,59,-1,54,26,61,2,50,
714,36,55,2,55,35,60,0,51,24,59,4,55,27,61,0,50,
715,37,55,0,55,36,60,5,52,22,59,9,56,28,61,0,50,
716,38,55,0,55,36,60,10,53,20,59,14,57,28,61,5,51,
717,38,55,5,56,34,60,10,53,18,59,14,57,26,61,10,52,
718,36,55,10,57,32,60,11,53,16,59,15,57,24,61,10,52,
719,34,55,10,57,30,60,12,53,14,59,16,57,22,61,11,52,
720,32,55,11,57,28,60,13,53,12,59,17,57,20,61,12,52,
721,30,55,12,57,26,60,14,53,10,59,18,57,18,61,13,52,
722,28,55,13,57,24,60,15,53,8,59,19,57,16,61,14,52,
723,26,55,14,57,22,60,16,53,6,59,20,57,14,61,15,52,
724,24,55,15,57,20,60,17,53,4,59,21,57,12,61,16,52,
725,22,55,16,57,18,60,18,53,2,59,22,57,10,61,17,52,
726,20,55,17,57,16,60,19,53,0,59,23,57,8,61,18,52,
727,18,55,18,57,14,60,20,53,0,59,24,57,6,61,19,52,
728,16,55,19,57,12,60,21,53,5,60,25,57,4,61,20,52,
729,14,55,20,57,10,60,22,53,10,61,26,57,2,61,21,52,
730,12,55,21,57,8,60,23,53,10,61,27,57,0,61,22,52,
731,10,55,22,57,6,60,24,53,10,61,28,57,0,61,23,52,
732,8,55,23,57,4,60,25,53,8,61,29,57,5,62,24,52,
733,6,55,24,57,2,60,26,53,6,61,30,57,10,63,25,52,
734,4,55,25,57,0,60,27,53,4,61,31,57,10,63,26,52,
735,2,55,26,57,0,60,28,53,2,61,32,57,10,63,27,52,
736,0,55,27,57,5,61,29,53,0,61,33,57,8,63,28,52,
737,0,55,27,57,10,62,30,53,0,61,34,57,6,63,29,52,
738,5,56,25,57,10,62,30,53,5,62,35,57,4,63,30,52,
739,10,57,23,57,11,62,28,53,10,63,36,57,2,63,31,52,
740,10,57,21,57,12,62,26,53,10,63,37,57,0,63,32,52,
741,11,57,19,57,13,62,24,53,11,63,38,57,0,63,32,52,
742,12,57,17,57,14,62,22,53,12,63,38,57,5,64,30,52,
743,13,57,15,57,15,62,20,53,13,63,36,57,10,65,28,52,
744,14,57,13,57,16,62,18,53,14,63,34,57,10,65,26,52,
745,15,57,11,57,17,62,16,53,15,63,32,57,11,65,24,52,
746,16,57,9,57,18,62,14,53,16,63,30,57,12,65,22,52,
747,17,57,7,57,19,62,12,53,17,63,28,57,13,65,20,52,
748,18,57,5,57,20,62,10,53,18,63,26,57,14,65,18,52,
749,19,57,3,57,21,62,8,53,19,63,24,57,15,65,16,52,
750,20,57,1,57,22,62,6,53,20,63,22,57,16,65,14,52,
751,21,57,-1,57,23,62,4,53,21,63,20,57,17,65,12,52,
752,22,57,-1,57,24,62,2,53,22,63,18,57,18,65,10,52,
753,23,57,4,58,25,62,0,53,23,63,16,57,19,65,8,52,
754,24,57,9,59,26,62,0,53,24,63,14,57,20,65,6,52,
755,25,57,14,60,26,62,5,54,25,63,12,57,21,65,4,52,
756,26,57,14,60,24,62,10,55,26,63,10,57,22,65,2,52,
757,27,57,15,60,22,62,10,55,27,63,8,57,23,65,0,52,
758,28,57,16,60,20,62,11,55,28,63,6,57,24,65,0,52,
759,28,57,17,60,18,62,12,55,29,63,4,57,25,65,5,53,
760,26,57,18,60,16,62,13,55,30,63,2,57,26,65,10,54,
761,24,57,19,60,14,62,14,55,31,63,0,57,27,65,10,54,
762,22,57,20,60,12,62,15,55,32,63,0,57,27,65,11,54,
763,20,57,21,60,10,62,16,55,32,63,5,58,25,65,12,54,
764,18,57,22,60,8,62,17,55,30,63,10,59,23,65,13,54,
765,16,57,23,60,6,62,18,55,28,63,10,59,21,65,14,54,
766,14,57,24,60,4,62,19,55,26,63,11,59,19,65,15,54,
767,12,57,25,60,2,62,20,55,24,63,12,59,17,65,16,54,
768,10,57,26,60,0,62,21,55,22,63,13,59,15,65,17,54,
769,8,57,27,60,0,62,22,55,20,63,14,59,13,65,18,54,
770,6,57,28,60,5,63,23,55,18,63,15,59,11,65,19,54,
771,4,57,29,60,10,64,24,55,16,63,16,59,9,65,20,54,
772,2,57,30,60,10,64,25,55,14,63,17,59,7,65,21,54,
773,0,57,31,60,10,64,26,55,12,63,18,59,5,65,22,54,
774,0,57,32,60,8,64,27,55,10,63,19,59,3,65,23,54,
775,5,58,33,60,6,64,28,55,8,63,20,59,1,65,24,54,
776,10,59,34,60,4,64,29,55,6,63,21,59,-1,65,25,54,
777,10,59,35,60,2,64,30,55,4,63,22,59,-1,65,25,54,
778,11,59,36,60,0,64,31,55,2,63,23,59,4,66,23,54,
779,12,59,37,60,0,64,32,55,0,63,24,59,9,67,21,54,
780,13,59,37,60,5,65,33,55,0,63,24,59,14,68,19,54,
781,14,59,35,60,10,66,33,55,5,64,22,59,14,68,17,54,
782,15,59,33,60,10,66,31,55,10,65,20,59,15,68,15,54,
783,16,59,31,60,11,66,29,55,10,65,18,59,16,68,13,54,
784,17,59,29,60,12,66,27,55,11,65,16,59,17,68,11,54,
785,18,59,27,60,13,66,25,55,12,65,14,59,18,68,9,54,
786,19,59,25,60,14,66,23,55,13,65,12,59,19,68,7,54,
787,20,59,23,60,15,66,21,55,14,65,10,59,20,68,5,54,
788,21,59,21,60,16,66,19,55,15,65,8,59,21,68,3,54,
789,22,59,19,60,17,66,17,55,16,65,6,59,22,68,1,54,
790,23,59,17,60,18,66,15,55,17,65,4,59,23,68,-1,54,
791,24,59,15,60,19,66,13,55,18,65,2,59,24,68,-1,54,
792,25,59,13,60,20,66,11,55,19,65,0,59,25,68,4,55,
793,26,59,11,60,21,66,9,55,20,65,0,59,25,68,9,56,
794,27,59,9,60,22,66,7,55,21,65,5,60,23,68,14,57,
795,28,59,7,60,23,66,5,55,22,65,10,61,21,68,14,57,
796,29,59,5,60,24,66,3,55,23,65,10,61,19,68,15,57,
797,30,59,3,60,25,66,1,55,24,65,11,61,17,68,16,57,
798,31,59,1,60,26,66,-1,55,25,65,12,61,15,68,17,57,
799,32,59,-1,60,27,66,-1,55,25,65,13,61,13,68,18,57,
800,33,59,-1,60,27,66,4,56,23,65,14,61,11,68,19,57,
801,33,59,4,61,25,66,9,57,21,65,15,61,9,68,20,57,
802,31,59,9,62,23,66,14,58,19,65,16,61,7,68,21,57,
803,29,59,14,63,21,66,14,58,17,65,17,61,5,68,22,57,
804,27,59,14,63,19,66,15,58,15,65,18,61,3,68,23,57,
805,25,59,15,63,17,66,16,58,13,65,19,61,1,68,24,57,
806,23,59,16,63,15,66,17,58,11,65,20,61,-1,68,25,57,
807,21,59,17,63,13,66,18,58,9,65,21,61,-1,68,26,57,
808,19,59,18,63,11,66,19,58,7,65,22,61,4,69,27,57,
809,17,59,19,63,9,66,20,58,5,65,23,61,9,70,28,57,
810,15,59,20,63,7,66,21,58,3,65,24,61,14,71,29,57,
811,13,59,21,63,5,66,22,58,1,65,25,61,14,71,30,57,
812,11,59,22,63,3,66,23,58,-1,65,26,61,14,71,31,57,
813,9,59,23,63,1,66,24,58,-1,65,27,61,12,71,32,57,
814,7,59,24,63,-1,66,25,58,4,66,28,61,10,71,33,57,
815,5,59,25,63,-1,66,25,58,9,67,29,61,8,71,34,57,
816,3,59,26,63,4,67,23,58,14,68,30,61,6,71,35,57,
817,1,59,27,63,9,68,21,58,14,68,31,61,4,71,36,57,
818,-1,59,28,63,14,69,19,58,15,68,32,61,2,71,37,57,
819,-1,59,28,63,14,69,17,58,16,68,33,61,0,71,38,57,
820,4,60,26,63,15,69,15,58,17,68,34,61,0,71,38,57,
821,9,61,24,63,16,69,13,58,18,68,34,61,5,72,36,57,
822,14,62,22,63,17,69,11,58,19,68,32,61,10,73,34,57,
823,14,62,20,63,18,69,9,58,20,68,30,61,10,73,32,57,
824,15,62,18,63,19,69,7,58,21,68,28,61,11,73,30,57,
825,16,62,16,63,20,69,5,58,22,68,26,61,12,73,28,57,
826,17,62,14,63,21,69,3,58,23,68,24,61,13,73,26,57,
827,18,62,12,63,22,69,1,58,24,68,22,61,14,73,24,57,
828,19,62,10,63,23,69,-1,58,25,68,20,61,15,73,22,57,
829,20,62,8,63,24,69,-1,58,26,68,18,61,16,73,20,57,
830,21,62,6,63,25,69,4,59,27,68,16,61,17,73,18,57,
831,22,62,4,63,26,69,9,60,28,68,14,61,18,73,16,57,
832,23,62,2,63,27,69,14,61,29,68,12,61,19,73,14,57,
833,24,62,0,63,28,69,14,61,30,68,10,61,20,73,12,57,
834,25,62,0,63,28,69,15,61,31,68,8,61,21,73,10,57,
835,26,62,5,64,26,69,16,61,32,68,6,61,22,73,8,57,
836,27,62,10,65,24,69,17,61,33,68,4,61,23,73,6,57,
837,28,62,10,65,22,69,18,61,34,68,2,61,24,73,4,57,
838,29,62,11,65,20,69,19,61,35,68,0,61,25,73,2,57,
839,30,62,12,65,18,69,20,61,36,68,0,61,26,73,0,57,
840,31,62,13,65,16,69,21,61,36,68,5,62,27,73,0,57,
841,31,62,14,65,14,69,22,61,34,68,10,63,27,73,5,58,
842,29,62,15,65,12,69,23,61,32,68,10,63,25,73,10,59,
843,27,62,16,65,10,69,24,61,30,68,11,63,23,73,10,59,
844,25,62,17,65,8,69,25,61,28,68,12,63,21,73,11,59,
845,23,62,18,65,6,69,26,61,26,68,13,63,19,73,12,59,
846,21,62,19,65,4,69,27,61,24,68,14,63,17,73,13,59,
847,19,62,20,65,2,69,28,61,22,68,15,63,15,73,14,59,
848,17,62,21,65,0,69,29,61,20,68,16,63,13,73,15,59,
849,15,62,22,65,0,69,30,61,18,68,17,63,11,73,16,59,
850,13,62,23,65,5,70,31,61,16,68,18,63,9,73,17,59,
851,11,62,24,65,10,71,32,61,14,68,19,63,7,73,18,59,
852,9,62,25,65,10,71,33,61,12,68,20,63,5,73,19,59,
853,7,62,26,65,10,71,34,61,10,68,21,63,3,73,20,59,
854,5,62,27,65,8,71,35,61,8,68,22,63,1,73,21,59,
855,3,62,28,65,6,71,36,61,6,68,23,63,-1,73,22,59,
856,1,62,29,65,4,71,37,61,4,68,24,63,-1,73,23,59,
857,-1,62,30,65,2,71,38,61,2,68,25,63,4,74,24,59,
858,-1,62,31,65,0,71,39,61,0,68,26,63,9,75,24,59,
859,4,63,32,65,0,71,40,61,0,68,26,63,14,76,22,59,
860,9,64,32,65,5,72,40,61,5,69,24,63,14,76,20,59,
861,14,65,30,65,10,73,38,61,10,70,22,63,15,76,18,59,
862,14,65,28,65,10,73,36,61,10,70,20,63,16,76,16,59,
863,15,65,26,65,11,73,34,61,11,70,18,63,17,76,14,59,
864,16,65,24,65,12,73,32,61,12,70,16,63,18,76,12,59,
865,17,65,22,65,13,73,30,61,13,70,14,63,19,76,10,59,
866,18,65,20,65,14,73,28,61,14,70,12,63,20,76,8,59,
867,19,65,18,65,15,73,26,61,15,70,10,63,21,76,6,59,
868,20,65,16,65,16,73,24,61,16,70,8,63,22,76,4,59,
869,21,65,14,65,17,73,22,61,17,70,6,63,23,76,2,59,
870,22,65,12,65,18,73,20,61,18,70,4,63,24,76,0,59,
871,23,65,10,65,19,73,18,61,19,70,2,63,25,76,0,59,
872,24,65,8,65,20,73,16,61,20,70,0,63,26,76,5,60,
873,25,65,6,65,21,73,14,61,21,70,0,63,26,76,10,61,
874,26,65,4,65,22,73,12,61,22,70,5,64,24,76,10,61,
875,27,65,2,65,23,73,10,61,23,70,10,65,22,76,11,61,
876,28,65,0,65,24,73,8,61,24,70,10,65,20,76,12,61,
877,29,65,0,65,25,73,6,61,25,70,11,65,18,76,13,61,
878,29,65,5,66,26,73,4,61,26,70,12,65,16,76,14,61,
879,27,65,10,67,27,73,2,61,27,70,13,65,14,76,15,61,
880,25,65,10,67,28,73,0,61,28,70,14,65,12,76,16,61,
881,23,65,11,67,29,73,0,61,28,70,15,65,10,76,17,61,
882,21,65,12,67,29,73,5,62,26,70,16,65,8,76,18,61,
883,19,65,13,67,27,73,10,63,24,70,17,65,6,76,19,61,
884,17,65,14,67,25,73,10,63,22,70,18,65,4,76,20,61,
885,15,65,15,67,23,73,11,63,20,70,19,65,2,76,21,61,
886,13,65,16,67,21,73,12,63,18,70,20,65,0,76,22,61,
887,11,65,17,67,19,73,13,63,16,70,21,65,0,76,23,61,
888,9,65,18,67,17,73,14,63,14,70,22,65,5,77,24,61,
889,7,65,19,67,15,73,15,63,12,70,23,65,10,78,25,61,
890,5,65,20,67,13,73,16,63,10,70,24,65,10,78,26,61,
891,3,65,21,67,11,73,17,63,8,70,25,65,10,78,27,61,
892,1,65,22,67,9,73,18,63,6,70,26,65,8,78,28,61,
893,-1,65,23,67,7,73,19,63,4,70,27,65,6,78,29,61,
894,-1,65,24,67,5,73,20,63,2,70,28,65,4,78,30,61,
895,4,66,25,67,3,73,21,63,0,70,29,65,2,78,31,61,
896,9,67,26,67,1,73,22,63,0,70,30,65,0,78,32,61,
897,14,68,27,67,-1,73,23,63,5,71,31,65,0,78,32,61,
898,14,68,28,67,-1,73,23,63,10,72,31,65,5,79,30,61,
899,15,68,28,67,4,74,21,63,10,72,29,65,10,80,28,61,
900,16,68,26,67,9,75,19,63,11,72,27,65,10,80,26,61,
901,17,68,24,67,14,76,17,63,12,72,25,65,11,80,24,61,
902,18,68,22,67,14,76,15,63,13,72,23,65,12,80,22,61,
903,19,68,20,67,15,76,13,63,14,72,21,65,13,80,20,61,
904,20,68,18,67,16,76,11,63,15,72,19,65,14,80,18,61,
905,21,68,16,67,17,76,9,63,16,72,17,65,15,80,16,61,
906,22,68,14,67,18,76,7,63,17,72,15,65,16,80,14,61,
907,23,68,12,67,19,76,5,63,18,72,13,65,17,80,12,61,
908,24,68,10,67,20,76,3,63,19,72,11,65,18,80,10,61,
909,25,68,8,67,21,76,1,63,20,72,9,65,19,80,8,61,
910,26,68,6,67,22,76,-1,63,21,72,7,65,20,80,6,61,
911,27,68,4,67,23,76,-1,63,22,72,5,65,21,80,4,61,
912,28,68,2,67,24,76,4,64,23,72,3,65,22,80,2,61,
913,29,68,0,67,25,76,9,65,24,72,1,65,23,80,0,61,
914,30,68,0,67,25,76,14,66,25,72,-1,65,24,80,0,61,
915,30,68,5,68,23,76,14,66,26,72,-1,65,24,80,5,62,
916,28,68,10,69,21,76,15,66,26,72,4,66,22,80,10,63,
917,26,68,10,69,19,76,16,66,24,72,9,67,20,80,10,63,
918,24,68,11,69,17,76,17,66,22,72,14,68,18,80,11,63,
919,22,68,12,69,15,76,18,66,20,72,14,68,16,80,12,63,
920,20,68,13,69,13,76,19,66,18,72,15,68,14,80,13,63,
921,18,68,14,69,11,76,20,66,16,72,16,68,12,80,14,63,
922,16,68,15,69,9,76,21,66,14,72,17,68,10,80,15,63,
923,14,68,16,69,7,76,22,66,12,72,18,68,8,80,16,63,
924,12,68,17,69,5,76,23,66,10,72,19,68,6,80,17,63,
925,10,68,18,69,3,76,24,66,8,72,20,68,4,80,18,63,
926,8,68,19,69,1,76,25,66,6,72,21,68,2,80,19,63,
927,6,68,20,69,-1,76,26,66,4,72,22,68,0,80,20,63,
928,4,68,21,69,-1,76,27,66,2,72,23,68,0,80,21,63,
929,2,68,22,69,4,77,28,66,0,72,24,68,5,81,22,63,
930,0,68,23,69,9,78,29,66,0,72,24,68,10,82,23,63,
931,0,68,23,69,14,79,29,66,5,73,22,68,10,82,23,63,
932,5,69,21,69,14,79,27,66,10,74,20,68,11,82,21,63,
933,10,70,19,69,15,79,25,66,10,74,18,68,12,82,19,63,
934,10,70,17,69,16,79,23,66,11,74,16,68,13,82,17,63,
935,11,70,15,69,17,79,21,66,12,74,14,68,14,82,15,63,
936,12,70,13,69,18,79,19,66,13,74,12,68,15,82,13,63,
937,13,70,11,69,19,79,17,66,14,74,10,68,16,82,11,63,
938,14,70,9,69,20,79,15,66,15,74,8,68,17,82,9,63,
939,15,70,7,69,21,79,13,66,16,74,6,68,18,82,7,63,
940,16,70,5,69,22,79,11,66,17,74,4,68,19,82,5,63,
941,17,70,3,69,23,79,9,66,18,74,2,68,20,82,3,63,
942,18,70,1,69,24,79,7,66,19,74,0,68,21,82,1,63,
943,19,70,-1,69,25,79,5,66,20,74,0,68,22,82,-1,63,
944,20,70,-1,69,26,79,3,66,21,74,5,69,23,82,-1,63,
945,20,70,4,70,27,79,1,66,22,74,10,70,23,82,4,64,
946,18,70,9,71,28,79,-1,66,23,74,10,70,21,82,9,65,
947,16,70,14,72,29,79,-1,66,23,74,11,70,19,82,14,66,
948,14,70,14,72,29,79,4,67,21,74,12,70,17,82,14,66,
949,12,70,15,72,27,79,9,68,19,74,13,70,15,82,15,66,
950,10,70,16,72,25,79,14,69,17,74,14,70,13,82,16,66,
951,8,70,17,72,23,79,14,69,15,74,15,70,11,82,17,66,
952,6,70,18,72,21,79,15,69,13,74,16,70,9,82,18,66,
953,4,70,19,72,19,79,16,69,11,74,17,70,7,82,19,66,
954,2,70,20,72,17,79,17,69,9,74,18,70,5,82,20,66,
955,0,70,21,72,15,79,18,69,7,74,19,70,3,82,21,66,
956,0,70,22,72,13,79,19,69,5,74,20,70,1,82,22,66,
957,5,71,23,72,11,79,20,69,3,74,21,70,-1,82,23,66,
958,10,72,24,72,9,79,21,69,1,74,22,70,-1,82,23,66,
959,10,72,25,72,7,79,22,69,-1,74,23,70,4,83,21,66,
960,11,72,26,72,5,79,23,69,-1,74,23,70,9,84,19,66,
961,12,72,27,72,3,79,24,69,4,75,21,70,14,85,17,66,
962,13,72,28,72,1,79,25,69,9,76,19,70,14,85,15,66,
963,14,72,29,72,-1,79,26,69,14,77,17,70,15,85,13,66,
964,15,72,30,72,-1,79,26,69,14,77,15,70,16,85,11,66,
965,16,72,30,72,4,80,24,69,15,77,13,70,17,85,9,66,
966,17,72,28,72,9,81,22,69,16,77,11,70,18,85,7,66,
967,1